ticket_price_id,class_name,flight_plan_id,ticket_price,is_for_young,round_trip_disccount,percent_sold_out
1,Primera Clase,1,2299.77,TRUE,1.0,1.17
2,Clase Business,1,1156.91,TRUE,0.12,1.0
3,Clase Economy,1,2052.8,TRUE,0.36,1.28
4,Clase Basica,1,4575.93,TRUE,0.19,1.97
5,Primera Clase,1,2843.21,FALSE,0.95,1.74
6,Clase Business,1,7226.83,FALSE,0.73,1.12
7,Clase Economy,1,2414.06,FALSE,0.88,1.93
8,Clase Basica,1,1825.28,FALSE,0.63,1.89
9,Primera Clase,2,2033.39,TRUE,0.84,1.2
10,Clase Business,2,2040.99,TRUE,0.33,1.36
11,Clase Economy,2,6540.97,TRUE,0.89,1.37
12,Clase Basica,2,2413.12,TRUE,0.02,1.25
13,Primera Clase,2,2772.73,FALSE,0.06,1.18
14,Clase Business,2,4122.13,FALSE,0.85,1.76
15,Clase Economy,2,2616.31,FALSE,0.95,1.07
16,Clase Basica,2,3189.48,FALSE,0.22,1.3
17,Primera Clase,3,4752.24,TRUE,0.71,1.05
18,Clase Business,3,4576.45,TRUE,0.67,1.14
19,Clase Economy,3,4695.11,TRUE,0.57,1.32
20,Clase Basica,3,7498.42,TRUE,0.7,1.59
21,Primera Clase,3,4348.24,FALSE,0.72,1.92
22,Clase Business,3,3469.01,FALSE,0.45,1.43
23,Clase Economy,3,1240.32,FALSE,0.09,1.55
24,Clase Basica,3,1988.54,FALSE,0.87,1.37
25,Primera Clase,4,4328.49,TRUE,0.52,1.01
26,Clase Business,4,4195.31,TRUE,0.19,1.35
27,Clase Economy,4,4181.01,TRUE,0.92,1.92
28,Clase Basica,4,6622.15,TRUE,0.29,1.8
29,Primera Clase,4,5092.77,FALSE,0.22,1.21
30,Clase Business,4,6294.73,FALSE,0.1,1.71
31,Clase Economy,4,6607.6,FALSE,0.08,1.73
32,Clase Basica,4,3438.18,FALSE,0.78,1.26
33,Primera Clase,5,4005.14,TRUE,0.18,1.43
34,Clase Business,5,7095.56,TRUE,0.88,1.7
35,Clase Economy,5,3810.63,TRUE,0.89,1.39
36,Clase Basica,5,2624.94,TRUE,0.05,1.17
37,Primera Clase,5,6592.89,FALSE,0.63,1.45
38,Clase Business,5,3737.18,FALSE,0.57,1.39
39,Clase Economy,5,5447.8,FALSE,0.16,1.69
40,Clase Basica,5,2546.38,FALSE,0.2,1.97
41,Primera Clase,6,2845.59,TRUE,0.48,1.66
42,Clase Business,6,1013.73,TRUE,0.58,1.19
43,Clase Economy,6,1277.0,TRUE,0.24,1.58
44,Clase Basica,6,3950.35,TRUE,0.61,1.84
45,Primera Clase,6,6125.05,FALSE,0.5,1.28
46,Clase Business,6,6191.33,FALSE,0.68,1.07
47,Clase Economy,6,5388.71,FALSE,0.19,1.6
48,Clase Basica,6,2562.16,FALSE,0.69,1.37
49,Primera Clase,7,6766.24,TRUE,0.54,1.52
50,Clase Business,7,4471.63,TRUE,0.38,1.27
51,Clase Economy,7,7275.67,TRUE,0.03,1.16
52,Clase Basica,7,7124.36,TRUE,0.5,1.82
53,Primera Clase,7,5957.97,FALSE,0.46,1.06
54,Clase Business,7,6713.51,FALSE,0.11,1.34
55,Clase Economy,7,5428.88,FALSE,0.97,1.0
56,Clase Basica,7,5396.77,FALSE,0.09,1.6
57,Primera Clase,8,4836.77,TRUE,0.42,1.91
58,Clase Business,8,5082.44,TRUE,0.49,1.3
59,Clase Economy,8,4157.33,TRUE,0.3,1.57
60,Clase Basica,8,6833.21,TRUE,0.75,1.9
61,Primera Clase,8,4122.46,FALSE,0.45,1.92
62,Clase Business,8,6093.13,FALSE,0.25,1.21
63,Clase Economy,8,5717.0,FALSE,0.75,1.11
64,Clase Basica,8,1594.33,FALSE,0.17,1.77
65,Primera Clase,9,1109.1,TRUE,0.11,1.92
66,Clase Business,9,7051.22,TRUE,0.87,1.94
67,Clase Economy,9,2943.26,TRUE,0.45,1.16
68,Clase Basica,9,4398.23,TRUE,0.66,1.77
69,Primera Clase,9,7406.19,FALSE,0.69,1.34
70,Clase Business,9,4660.39,FALSE,0.01,1.38
71,Clase Economy,9,2446.01,FALSE,0.02,1.07
72,Clase Basica,9,4487.67,FALSE,0.28,1.79
73,Primera Clase,10,6560.3,TRUE,0.25,1.2
74,Clase Business,10,7134.44,TRUE,0.47,1.07
75,Clase Economy,10,6952.49,TRUE,0.99,1.39
76,Clase Basica,10,5324.0,TRUE,0.21,1.92
77,Primera Clase,10,6284.73,FALSE,0.03,1.37
78,Clase Business,10,5198.56,FALSE,0.82,1.41
79,Clase Economy,10,6288.68,FALSE,0.26,1.39
80,Clase Basica,10,6137.89,FALSE,0.24,1.96
81,Primera Clase,11,7032.32,TRUE,0.72,1.46
82,Clase Business,11,7317.96,TRUE,0.05,1.35
83,Clase Economy,11,6143.74,TRUE,0.3,1.16
84,Clase Basica,11,3802.38,TRUE,0.86,1.48
85,Primera Clase,11,1098.29,FALSE,0.37,1.34
86,Clase Business,11,6706.99,FALSE,0.26,1.54
87,Clase Economy,11,6174.37,FALSE,0.1,1.25
88,Clase Basica,11,4918.82,FALSE,0.84,1.59
89,Primera Clase,12,4238.78,TRUE,0.72,1.79
90,Clase Business,12,1160.5,TRUE,0.47,1.97
91,Clase Economy,12,7382.81,TRUE,0.19,1.39
92,Clase Basica,12,6116.64,TRUE,0.95,1.66
93,Primera Clase,12,2050.24,FALSE,0.54,1.76
94,Clase Business,12,4125.97,FALSE,0.53,1.39
95,Clase Economy,12,7318.65,FALSE,0.1,1.65
96,Clase Basica,12,5694.64,FALSE,0.91,1.83
97,Primera Clase,13,7150.55,TRUE,0.39,1.02
98,Clase Business,13,1968.68,TRUE,0.54,1.84
99,Clase Economy,13,5784.48,TRUE,0.61,1.86
100,Clase Basica,13,4523.04,TRUE,0.69,1.65
101,Primera Clase,13,5999.11,FALSE,0.48,1.29
102,Clase Business,13,3006.68,FALSE,0.48,1.34
103,Clase Economy,13,1266.44,FALSE,0.99,1.95
104,Clase Basica,13,6806.26,FALSE,0.02,1.96
105,Primera Clase,14,6824.97,TRUE,0.05,1.46
106,Clase Business,14,5376.34,TRUE,0.36,1.4
107,Clase Economy,14,5835.51,TRUE,0.56,1.33
108,Clase Basica,14,3724.67,TRUE,0.47,1.58
109,Primera Clase,14,7266.8,FALSE,0.5,1.47
110,Clase Business,14,3435.39,FALSE,0.64,1.62
111,Clase Economy,14,3802.11,FALSE,0.18,1.4
112,Clase Basica,14,2452.35,FALSE,0.13,1.02
113,Primera Clase,15,5392.88,TRUE,0.35,1.26
114,Clase Business,15,6160.69,TRUE,0.71,1.97
115,Clase Economy,15,2086.01,TRUE,0.97,1.93
116,Clase Basica,15,2279.95,TRUE,0.03,1.5
117,Primera Clase,15,4954.67,FALSE,0.87,1.02
118,Clase Business,15,3867.75,FALSE,0.1,1.46
119,Clase Economy,15,2482.1,FALSE,0.29,1.07
120,Clase Basica,15,7339.02,FALSE,0.13,1.64
121,Primera Clase,16,4741.38,TRUE,0.98,1.64
122,Clase Business,16,6558.99,TRUE,0.4,1.62
123,Clase Economy,16,1801.97,TRUE,0.1,1.28
124,Clase Basica,16,5515.66,TRUE,0.89,1.66
125,Primera Clase,16,2473.85,FALSE,0.17,1.21
126,Clase Business,16,7001.91,FALSE,0.02,1.52
127,Clase Economy,16,6674.33,FALSE,0.79,1.27
128,Clase Basica,16,1749.4,FALSE,0.66,1.4
129,Primera Clase,17,4128.5,TRUE,0.78,1.4
130,Clase Business,17,7007.32,TRUE,0.82,1.34
131,Clase Economy,17,5802.7,TRUE,0.8,1.79
132,Clase Basica,17,5217.03,TRUE,0.05,1.46
133,Primera Clase,17,2856.37,FALSE,0.54,1.58
134,Clase Business,17,5814.25,FALSE,0.77,1.85
135,Clase Economy,17,3960.72,FALSE,0.93,1.17
136,Clase Basica,17,5714.58,FALSE,0.89,1.51
137,Primera Clase,18,6607.29,TRUE,0.78,1.38
138,Clase Business,18,2790.17,TRUE,0.6,1.3
139,Clase Economy,18,5122.68,TRUE,0.54,1.65
140,Clase Basica,18,1137.92,TRUE,0.62,1.99
141,Primera Clase,18,5536.42,FALSE,0.17,1.24
142,Clase Business,18,5321.85,FALSE,0.7,1.58
143,Clase Economy,18,4825.85,FALSE,0.09,1.28
144,Clase Basica,18,6231.96,FALSE,0.14,1.65
145,Primera Clase,19,5264.38,TRUE,0.3,1.38
146,Clase Business,19,4744.04,TRUE,0.14,1.32
147,Clase Economy,19,2368.59,TRUE,0.49,1.97
148,Clase Basica,19,7139.32,TRUE,0.05,1.47
149,Primera Clase,19,1136.52,FALSE,0.15,1.36
150,Clase Business,19,5333.38,FALSE,0.3,1.65
151,Clase Economy,19,2502.51,FALSE,0.23,1.77
152,Clase Basica,19,2635.9,FALSE,0.54,1.04
153,Primera Clase,20,3186.52,TRUE,0.61,1.96
154,Clase Business,20,4693.76,TRUE,0.51,1.34
155,Clase Economy,20,1893.4,TRUE,0.31,1.53
156,Clase Basica,20,4875.85,TRUE,0.79,1.1
157,Primera Clase,20,7345.99,FALSE,0.36,1.53
158,Clase Business,20,6527.72,FALSE,0.79,1.45
159,Clase Economy,20,7341.65,FALSE,0.11,1.66
160,Clase Basica,20,1727.08,FALSE,0.03,1.06
161,Primera Clase,21,2050.17,TRUE,0.48,1.32
162,Clase Business,21,4503.52,TRUE,0.44,1.13
163,Clase Economy,21,2188.77,TRUE,0.0,1.42
164,Clase Basica,21,3697.81,TRUE,0.26,1.16
165,Primera Clase,21,2338.83,FALSE,0.53,1.06
166,Clase Business,21,5384.57,FALSE,0.43,1.02
167,Clase Economy,21,1062.69,FALSE,0.56,1.35
168,Clase Basica,21,2768.8,FALSE,0.64,1.52
169,Primera Clase,22,2374.44,TRUE,0.65,1.49
170,Clase Business,22,3219.62,TRUE,0.38,1.57
171,Clase Economy,22,4248.02,TRUE,0.68,1.29
172,Clase Basica,22,6456.12,TRUE,0.2,1.36
173,Primera Clase,22,6667.84,FALSE,0.62,1.94
174,Clase Business,22,5778.36,FALSE,0.72,1.93
175,Clase Economy,22,1935.49,FALSE,0.17,1.69
176,Clase Basica,22,4269.15,FALSE,0.73,1.69
177,Primera Clase,23,3252.92,TRUE,0.62,1.27
178,Clase Business,23,3893.9,TRUE,0.27,1.96
179,Clase Economy,23,6121.24,TRUE,0.41,1.7
180,Clase Basica,23,1365.05,TRUE,0.97,1.42
181,Primera Clase,23,2994.85,FALSE,0.94,1.01
182,Clase Business,23,1026.87,FALSE,0.93,1.35
183,Clase Economy,23,5313.1,FALSE,0.75,1.64
184,Clase Basica,23,7176.36,FALSE,0.61,1.49
185,Primera Clase,24,5163.9,TRUE,0.48,1.86
186,Clase Business,24,1539.02,TRUE,0.96,1.27
187,Clase Economy,24,7241.42,TRUE,0.39,1.48
188,Clase Basica,24,6990.37,TRUE,0.78,1.51
189,Primera Clase,24,5927.81,FALSE,0.47,1.84
190,Clase Business,24,2922.66,FALSE,0.86,1.88
191,Clase Economy,24,6561.47,FALSE,0.93,1.09
192,Clase Basica,24,7236.3,FALSE,0.16,1.65
193,Primera Clase,25,4361.54,TRUE,0.11,1.24
194,Clase Business,25,2781.61,TRUE,0.42,1.23
195,Clase Economy,25,4546.61,TRUE,0.7,1.02
196,Clase Basica,25,1041.64,TRUE,0.6,1.07
197,Primera Clase,25,5799.29,FALSE,0.34,1.75
198,Clase Business,25,1925.91,FALSE,0.77,1.13
199,Clase Economy,25,1051.82,FALSE,0.61,1.09
200,Clase Basica,25,2350.14,FALSE,0.17,1.08
201,Primera Clase,26,5437.77,TRUE,0.07,1.13
202,Clase Business,26,1476.4,TRUE,0.48,1.27
203,Clase Economy,26,3995.34,TRUE,0.92,1.82
204,Clase Basica,26,2178.27,TRUE,0.48,1.27
205,Primera Clase,26,2995.31,FALSE,0.2,1.04
206,Clase Business,26,4167.55,FALSE,0.52,1.49
207,Clase Economy,26,4523.15,FALSE,0.22,1.71
208,Clase Basica,26,3811.73,FALSE,0.12,1.55
209,Primera Clase,27,3512.67,TRUE,0.72,1.93
210,Clase Business,27,4074.91,TRUE,0.1,1.01
211,Clase Economy,27,4336.7,TRUE,0.77,1.16
212,Clase Basica,27,6978.22,TRUE,0.82,1.45
213,Primera Clase,27,7012.0,FALSE,0.86,1.06
214,Clase Business,27,6809.46,FALSE,0.23,1.23
215,Clase Economy,27,1316.75,FALSE,0.95,1.25
216,Clase Basica,27,6147.18,FALSE,0.13,1.21
217,Primera Clase,28,7260.36,TRUE,0.27,1.31
218,Clase Business,28,4499.27,TRUE,0.09,1.28
219,Clase Economy,28,6833.86,TRUE,0.67,1.21
220,Clase Basica,28,6320.47,TRUE,0.42,1.21
221,Primera Clase,28,5813.92,FALSE,0.53,1.93
222,Clase Business,28,4259.23,FALSE,0.78,1.49
223,Clase Economy,28,5973.87,FALSE,0.1,1.09
224,Clase Basica,28,2563.28,FALSE,0.47,1.11
225,Primera Clase,29,2211.03,TRUE,0.59,1.85
226,Clase Business,29,4857.83,TRUE,0.81,1.49
227,Clase Economy,29,6559.89,TRUE,0.8,1.51
228,Clase Basica,29,2645.63,TRUE,0.34,1.82
229,Primera Clase,29,3657.13,FALSE,0.56,1.86
230,Clase Business,29,2995.54,FALSE,0.89,1.18
231,Clase Economy,29,6557.92,FALSE,0.57,1.17
232,Clase Basica,29,6263.39,FALSE,0.6,1.36
233,Primera Clase,30,1051.9,TRUE,0.78,1.68
234,Clase Business,30,3573.94,TRUE,0.22,1.73
235,Clase Economy,30,2464.38,TRUE,0.18,1.0
236,Clase Basica,30,5944.32,TRUE,0.94,1.95
237,Primera Clase,30,4263.43,FALSE,0.56,1.55
238,Clase Business,30,5433.28,FALSE,0.08,1.32
239,Clase Economy,30,1742.08,FALSE,0.19,1.83
240,Clase Basica,30,6908.74,FALSE,0.93,1.76
241,Primera Clase,31,3482.4,TRUE,0.33,1.65
242,Clase Business,31,1752.72,TRUE,0.2,1.06
243,Clase Economy,31,1816.03,TRUE,0.15,1.63
244,Clase Basica,31,2920.23,TRUE,0.79,1.62
245,Primera Clase,31,7412.87,FALSE,0.29,1.22
246,Clase Business,31,5904.03,FALSE,0.38,1.26
247,Clase Economy,31,2584.17,FALSE,0.87,1.31
248,Clase Basica,31,3331.23,FALSE,0.28,1.13
249,Primera Clase,32,3803.8,TRUE,0.12,1.4
250,Clase Business,32,4100.16,TRUE,0.92,1.48
251,Clase Economy,32,1507.54,TRUE,0.39,1.72
252,Clase Basica,32,4388.32,TRUE,0.17,1.8
253,Primera Clase,32,4630.94,FALSE,0.52,1.11
254,Clase Business,32,2466.49,FALSE,0.69,1.36
255,Clase Economy,32,4089.02,FALSE,0.7,1.34
256,Clase Basica,32,2035.05,FALSE,0.64,1.22
257,Primera Clase,33,4802.97,TRUE,0.37,1.75
258,Clase Business,33,4596.73,TRUE,0.82,1.6
259,Clase Economy,33,2331.76,TRUE,0.91,1.04
260,Clase Basica,33,4591.64,TRUE,0.84,1.55
261,Primera Clase,33,4417.97,FALSE,0.45,1.31
262,Clase Business,33,3161.06,FALSE,0.17,1.38
263,Clase Economy,33,5933.41,FALSE,0.05,1.82
264,Clase Basica,33,2377.13,FALSE,0.04,1.67
265,Primera Clase,34,6205.17,TRUE,0.76,1.93
266,Clase Business,34,6899.53,TRUE,0.83,1.01
267,Clase Economy,34,6990.55,TRUE,0.24,1.95
268,Clase Basica,34,2546.77,TRUE,0.96,1.97
269,Primera Clase,34,5835.37,FALSE,0.96,1.27
270,Clase Business,34,1499.74,FALSE,0.11,1.06
271,Clase Economy,34,4987.85,FALSE,0.74,1.07
272,Clase Basica,34,3438.06,FALSE,0.98,1.58
273,Primera Clase,35,4880.66,TRUE,0.72,1.45
274,Clase Business,35,5934.97,TRUE,0.89,2.0
275,Clase Economy,35,7113.24,TRUE,0.7,1.07
276,Clase Basica,35,5353.71,TRUE,0.19,1.18
277,Primera Clase,35,2553.95,FALSE,0.6,1.0
278,Clase Business,35,6591.13,FALSE,0.65,1.33
279,Clase Economy,35,2944.66,FALSE,0.94,1.07
280,Clase Basica,35,3405.29,FALSE,0.99,1.69
281,Primera Clase,36,2418.36,TRUE,0.86,1.77
282,Clase Business,36,5380.72,TRUE,0.01,1.16
283,Clase Economy,36,4976.27,TRUE,0.84,1.72
284,Clase Basica,36,6503.26,TRUE,0.28,1.45
285,Primera Clase,36,2979.41,FALSE,0.73,1.58
286,Clase Business,36,7113.66,FALSE,0.17,1.33
287,Clase Economy,36,3441.55,FALSE,0.03,1.03
288,Clase Basica,36,3598.58,FALSE,0.17,1.83
289,Primera Clase,37,6707.06,TRUE,0.41,1.0
290,Clase Business,37,6756.16,TRUE,0.39,1.55
291,Clase Economy,37,6302.81,TRUE,0.57,1.65
292,Clase Basica,37,1478.47,TRUE,0.45,1.78
293,Primera Clase,37,3068.23,FALSE,0.64,1.68
294,Clase Business,37,5191.02,FALSE,0.4,1.48
295,Clase Economy,37,2178.04,FALSE,0.43,1.03
296,Clase Basica,37,5019.46,FALSE,0.7,1.68
297,Primera Clase,38,5782.81,TRUE,0.02,1.49
298,Clase Business,38,2215.01,TRUE,0.93,1.57
299,Clase Economy,38,4107.02,TRUE,0.43,1.65
300,Clase Basica,38,7036.41,TRUE,0.54,1.28
301,Primera Clase,38,6642.33,FALSE,0.85,1.45
302,Clase Business,38,5031.39,FALSE,0.5,1.71
303,Clase Economy,38,5086.74,FALSE,0.48,1.68
304,Clase Basica,38,4738.87,FALSE,0.67,1.18
305,Primera Clase,39,1284.31,TRUE,0.82,1.18
306,Clase Business,39,6117.66,TRUE,0.93,1.9
307,Clase Economy,39,1420.05,TRUE,0.49,1.65
308,Clase Basica,39,6073.29,TRUE,0.34,1.41
309,Primera Clase,39,5792.31,FALSE,0.39,1.5
310,Clase Business,39,4286.95,FALSE,0.04,1.26
311,Clase Economy,39,1451.01,FALSE,0.21,1.33
312,Clase Basica,39,4374.16,FALSE,0.69,1.57
313,Primera Clase,40,4459.86,TRUE,0.29,1.87
314,Clase Business,40,2396.99,TRUE,0.96,1.19
315,Clase Economy,40,4644.92,TRUE,0.44,1.21
316,Clase Basica,40,5185.9,TRUE,0.47,1.68
317,Primera Clase,40,3638.56,FALSE,0.94,1.15
318,Clase Business,40,5172.08,FALSE,0.74,1.18
319,Clase Economy,40,4749.02,FALSE,0.12,1.37
320,Clase Basica,40,6606.48,FALSE,0.49,1.45
321,Primera Clase,41,6680.86,TRUE,0.42,1.46
322,Clase Business,41,5929.32,TRUE,0.88,1.97
323,Clase Economy,41,3453.61,TRUE,0.94,1.28
324,Clase Basica,41,1783.54,TRUE,0.27,1.3
325,Primera Clase,41,6665.18,FALSE,0.34,1.09
326,Clase Business,41,1091.59,FALSE,0.94,1.24
327,Clase Economy,41,7247.63,FALSE,0.41,1.6
328,Clase Basica,41,5861.7,FALSE,0.06,1.18
329,Primera Clase,42,1668.74,TRUE,0.09,1.42
330,Clase Business,42,5671.63,TRUE,0.1,1.99
331,Clase Economy,42,5245.78,TRUE,0.97,1.75
332,Clase Basica,42,2703.58,TRUE,0.84,1.51
333,Primera Clase,42,5810.49,FALSE,0.49,1.62
334,Clase Business,42,5041.26,FALSE,0.3,1.66
335,Clase Economy,42,2190.59,FALSE,0.26,1.81
336,Clase Basica,42,2425.85,FALSE,0.64,1.44
337,Primera Clase,43,6887.4,TRUE,0.35,1.16
338,Clase Business,43,5785.5,TRUE,0.63,1.06
339,Clase Economy,43,2595.06,TRUE,0.98,1.91
340,Clase Basica,43,2057.98,TRUE,0.1,1.22
341,Primera Clase,43,5237.79,FALSE,0.63,1.86
342,Clase Business,43,6311.67,FALSE,0.9,1.73
343,Clase Economy,43,1946.8,FALSE,0.1,1.91
344,Clase Basica,43,5576.38,FALSE,0.84,1.45
345,Primera Clase,44,7329.14,TRUE,0.17,1.87
346,Clase Business,44,6166.74,TRUE,0.19,1.36
347,Clase Economy,44,3169.53,TRUE,0.09,1.62
348,Clase Basica,44,7189.0,TRUE,0.05,1.67
349,Primera Clase,44,5962.93,FALSE,0.74,1.9
350,Clase Business,44,4415.04,FALSE,0.46,1.28
351,Clase Economy,44,6755.76,FALSE,0.4,1.44
352,Clase Basica,44,3158.34,FALSE,0.26,1.51
353,Primera Clase,45,2772.23,TRUE,0.21,1.58
354,Clase Business,45,7213.0,TRUE,0.87,1.4
355,Clase Economy,45,4603.14,TRUE,0.35,1.89
356,Clase Basica,45,1921.13,TRUE,0.08,1.83
357,Primera Clase,45,7277.9,FALSE,0.34,1.78
358,Clase Business,45,5259.27,FALSE,0.2,1.56
359,Clase Economy,45,1580.42,FALSE,0.85,1.15
360,Clase Basica,45,4096.21,FALSE,0.43,1.07
361,Primera Clase,46,2058.76,TRUE,0.12,1.07
362,Clase Business,46,6977.15,TRUE,0.83,1.78
363,Clase Economy,46,4601.11,TRUE,0.35,1.03
364,Clase Basica,46,3128.05,TRUE,0.36,1.54
365,Primera Clase,46,1558.94,FALSE,0.29,1.15
366,Clase Business,46,5493.2,FALSE,0.8,1.74
367,Clase Economy,46,6897.34,FALSE,0.65,1.81
368,Clase Basica,46,5516.25,FALSE,0.8,1.7
369,Primera Clase,47,1824.92,TRUE,0.14,1.51
370,Clase Business,47,3753.82,TRUE,0.85,1.06
371,Clase Economy,47,7375.44,TRUE,0.21,1.15
372,Clase Basica,47,6523.55,TRUE,0.53,1.57
373,Primera Clase,47,7421.62,FALSE,0.56,1.85
374,Clase Business,47,5988.62,FALSE,0.77,1.56
375,Clase Economy,47,6872.05,FALSE,0.58,1.11
376,Clase Basica,47,1870.8,FALSE,0.95,1.02
377,Primera Clase,48,5319.16,TRUE,0.96,1.54
378,Clase Business,48,1663.65,TRUE,0.03,1.74
379,Clase Economy,48,6916.06,TRUE,0.17,1.86
380,Clase Basica,48,2409.78,TRUE,0.41,1.45
381,Primera Clase,48,3393.26,FALSE,0.58,1.44
382,Clase Business,48,5235.13,FALSE,0.53,1.59
383,Clase Economy,48,4162.95,FALSE,0.91,1.37
384,Clase Basica,48,3674.7,FALSE,0.78,1.16
385,Primera Clase,49,6933.57,TRUE,0.65,1.25
386,Clase Business,49,2475.91,TRUE,0.73,1.33
387,Clase Economy,49,1293.31,TRUE,0.83,1.6
388,Clase Basica,49,1747.21,TRUE,0.68,1.08
389,Primera Clase,49,2024.42,FALSE,0.69,1.89
390,Clase Business,49,4584.15,FALSE,0.0,1.94
391,Clase Economy,49,6715.05,FALSE,0.11,1.08
392,Clase Basica,49,2997.06,FALSE,0.02,1.86
393,Primera Clase,50,7187.17,TRUE,0.09,1.86
394,Clase Business,50,5342.56,TRUE,0.06,1.58
395,Clase Economy,50,1039.86,TRUE,0.43,1.55
396,Clase Basica,50,2211.96,TRUE,1.0,1.73
397,Primera Clase,50,6842.48,FALSE,0.24,1.17
398,Clase Business,50,5210.56,FALSE,0.99,1.08
399,Clase Economy,50,7182.98,FALSE,0.24,1.75
400,Clase Basica,50,3737.89,FALSE,0.12,1.89
401,Primera Clase,51,1643.64,TRUE,0.63,1.74
402,Clase Business,51,4654.49,TRUE,0.08,1.06
403,Clase Economy,51,4415.08,TRUE,0.25,1.49
404,Clase Basica,51,5379.86,TRUE,0.51,1.15
405,Primera Clase,51,7086.57,FALSE,0.84,1.44
406,Clase Business,51,3451.6,FALSE,0.75,1.06
407,Clase Economy,51,6688.22,FALSE,0.65,1.11
408,Clase Basica,51,2540.08,FALSE,0.72,1.78
409,Primera Clase,52,3768.27,TRUE,0.86,1.62
410,Clase Business,52,3110.91,TRUE,0.25,1.53
411,Clase Economy,52,6367.36,TRUE,0.99,1.61
412,Clase Basica,52,4837.41,TRUE,0.79,1.99
413,Primera Clase,52,3312.93,FALSE,0.96,1.17
414,Clase Business,52,4362.4,FALSE,0.59,1.22
415,Clase Economy,52,1262.99,FALSE,0.44,1.06
416,Clase Basica,52,1993.82,FALSE,0.48,1.86
417,Primera Clase,53,7191.4,TRUE,0.57,1.88
418,Clase Business,53,2251.33,TRUE,0.6,1.73
419,Clase Economy,53,1015.36,TRUE,0.06,1.38
420,Clase Basica,53,7411.05,TRUE,0.62,1.75
421,Primera Clase,53,4922.9,FALSE,0.73,1.6
422,Clase Business,53,2807.34,FALSE,0.64,1.03
423,Clase Economy,53,1980.34,FALSE,0.47,1.91
424,Clase Basica,53,6556.99,FALSE,0.63,1.54
425,Primera Clase,54,6197.62,TRUE,0.66,1.13
426,Clase Business,54,1781.09,TRUE,0.21,1.07
427,Clase Economy,54,3824.37,TRUE,0.1,1.7
428,Clase Basica,54,4867.05,TRUE,0.12,1.74
429,Primera Clase,54,2713.25,FALSE,0.79,1.2
430,Clase Business,54,1913.32,FALSE,0.57,1.4
431,Clase Economy,54,2074.58,FALSE,0.81,1.51
432,Clase Basica,54,1994.64,FALSE,0.15,1.09
433,Primera Clase,55,2936.01,TRUE,0.47,1.31
434,Clase Business,55,3673.57,TRUE,0.56,1.08
435,Clase Economy,55,2469.39,TRUE,0.77,1.48
436,Clase Basica,55,5104.92,TRUE,0.23,1.86
437,Primera Clase,55,2073.07,FALSE,0.66,1.79
438,Clase Business,55,1044.24,FALSE,0.64,1.04
439,Clase Economy,55,7294.97,FALSE,0.07,1.36
440,Clase Basica,55,6167.88,FALSE,0.03,1.85
441,Primera Clase,56,1058.71,TRUE,0.09,1.28
442,Clase Business,56,5842.11,TRUE,0.7,1.45
443,Clase Economy,56,3262.93,TRUE,0.4,1.29
444,Clase Basica,56,6733.39,TRUE,0.08,1.35
445,Primera Clase,56,4522.65,FALSE,0.47,1.9
446,Clase Business,56,1908.63,FALSE,0.63,1.77
447,Clase Economy,56,6871.78,FALSE,0.34,1.29
448,Clase Basica,56,2723.29,FALSE,0.59,1.62
449,Primera Clase,57,4867.63,TRUE,0.0,1.05
450,Clase Business,57,4640.32,TRUE,0.82,1.87
451,Clase Economy,57,6921.46,TRUE,0.87,1.94
452,Clase Basica,57,2684.05,TRUE,0.31,1.5
453,Primera Clase,57,2775.47,FALSE,0.95,1.45
454,Clase Business,57,2051.24,FALSE,0.05,1.72
455,Clase Economy,57,6893.6,FALSE,0.71,1.89
456,Clase Basica,57,5798.17,FALSE,0.52,1.85
457,Primera Clase,58,1097.37,TRUE,0.21,1.92
458,Clase Business,58,5762.81,TRUE,0.01,1.99
459,Clase Economy,58,3525.26,TRUE,0.85,1.3
460,Clase Basica,58,6279.3,TRUE,0.92,1.77
461,Primera Clase,58,2096.24,FALSE,0.22,1.73
462,Clase Business,58,4974.24,FALSE,0.48,1.56
463,Clase Economy,58,2444.31,FALSE,0.21,1.21
464,Clase Basica,58,3563.87,FALSE,0.09,1.16
465,Primera Clase,59,6039.55,TRUE,0.69,1.82
466,Clase Business,59,5311.79,TRUE,0.74,1.48
467,Clase Economy,59,5782.45,TRUE,0.44,1.05
468,Clase Basica,59,3688.64,TRUE,0.56,1.11
469,Primera Clase,59,2142.65,FALSE,0.38,1.43
470,Clase Business,59,6593.11,FALSE,0.45,1.99
471,Clase Economy,59,6694.86,FALSE,0.67,1.01
472,Clase Basica,59,2520.49,FALSE,0.94,1.08
473,Primera Clase,60,4905.3,TRUE,0.11,1.57
474,Clase Business,60,4136.55,TRUE,0.29,1.82
475,Clase Economy,60,4802.24,TRUE,0.37,1.12
476,Clase Basica,60,4406.77,TRUE,0.84,1.19
477,Primera Clase,60,6161.16,FALSE,0.72,1.55
478,Clase Business,60,6266.67,FALSE,0.56,1.76
479,Clase Economy,60,6132.77,FALSE,0.96,1.67
480,Clase Basica,60,2831.3,FALSE,0.74,1.15
481,Primera Clase,61,6384.5,TRUE,0.79,1.57
482,Clase Business,61,5681.68,TRUE,0.21,1.12
483,Clase Economy,61,5192.63,TRUE,0.01,1.88
484,Clase Basica,61,5116.35,TRUE,0.99,1.09
485,Primera Clase,61,2528.47,FALSE,0.74,1.92
486,Clase Business,61,2014.71,FALSE,0.16,1.84
487,Clase Economy,61,5259.5,FALSE,0.61,1.16
488,Clase Basica,61,3802.44,FALSE,0.3,1.33
489,Primera Clase,62,1585.82,TRUE,0.69,1.98
490,Clase Business,62,5420.5,TRUE,0.67,1.61
491,Clase Economy,62,4223.97,TRUE,0.2,1.9
492,Clase Basica,62,1821.84,TRUE,0.28,1.32
493,Primera Clase,62,6246.86,FALSE,0.72,1.89
494,Clase Business,62,3471.74,FALSE,0.42,1.65
495,Clase Economy,62,4980.03,FALSE,0.25,1.51
496,Clase Basica,62,3373.14,FALSE,0.36,1.7
497,Primera Clase,63,7037.47,TRUE,0.99,1.97
498,Clase Business,63,7174.88,TRUE,0.66,1.19
499,Clase Economy,63,6876.75,TRUE,0.76,1.86
500,Clase Basica,63,3184.26,TRUE,0.13,1.05
501,Primera Clase,63,4843.91,FALSE,0.98,1.9
502,Clase Business,63,6686.2,FALSE,0.29,1.52
503,Clase Economy,63,3056.27,FALSE,0.26,1.77
504,Clase Basica,63,3988.48,FALSE,0.19,1.54
505,Primera Clase,64,3681.63,TRUE,0.92,1.35
506,Clase Business,64,5413.06,TRUE,0.96,1.86
507,Clase Economy,64,1025.43,TRUE,0.79,1.57
508,Clase Basica,64,6783.47,TRUE,0.68,1.42
509,Primera Clase,64,1833.09,FALSE,0.42,1.45
510,Clase Business,64,4268.14,FALSE,0.37,1.24
511,Clase Economy,64,1834.54,FALSE,0.32,1.73
512,Clase Basica,64,6690.26,FALSE,0.38,1.9
513,Primera Clase,65,3999.25,TRUE,0.04,1.13
514,Clase Business,65,7353.55,TRUE,0.47,1.17
515,Clase Economy,65,6589.71,TRUE,0.29,1.67
516,Clase Basica,65,4740.95,TRUE,0.25,1.65
517,Primera Clase,65,3541.11,FALSE,0.59,1.52
518,Clase Business,65,6825.86,FALSE,0.26,1.33
519,Clase Economy,65,1204.14,FALSE,0.81,1.64
520,Clase Basica,65,5105.01,FALSE,0.98,1.45
521,Primera Clase,66,4679.55,TRUE,0.75,1.8
522,Clase Business,66,5447.66,TRUE,0.1,1.47
523,Clase Economy,66,2225.12,TRUE,0.96,1.41
524,Clase Basica,66,3453.38,TRUE,0.88,1.32
525,Primera Clase,66,5354.32,FALSE,0.33,1.8
526,Clase Business,66,2772.14,FALSE,0.55,1.72
527,Clase Economy,66,5236.03,FALSE,0.13,1.16
528,Clase Basica,66,4325.25,FALSE,0.55,1.95
529,Primera Clase,67,3805.03,TRUE,0.64,1.64
530,Clase Business,67,5683.86,TRUE,0.82,1.82
531,Clase Economy,67,4802.39,TRUE,0.32,1.05
532,Clase Basica,67,6632.28,TRUE,0.92,1.16
533,Primera Clase,67,7088.51,FALSE,0.7,1.4
534,Clase Business,67,2078.57,FALSE,0.33,1.94
535,Clase Economy,67,3162.51,FALSE,0.32,1.14
536,Clase Basica,67,4622.36,FALSE,0.68,1.87
537,Primera Clase,68,6851.33,TRUE,0.83,1.43
538,Clase Business,68,5472.62,TRUE,0.71,1.91
539,Clase Economy,68,5200.39,TRUE,0.69,1.26
540,Clase Basica,68,1652.24,TRUE,0.67,1.31
541,Primera Clase,68,2148.55,FALSE,0.21,1.4
542,Clase Business,68,1088.52,FALSE,0.71,1.81
543,Clase Economy,68,3500.57,FALSE,0.75,1.18
544,Clase Basica,68,4437.88,FALSE,0.05,1.57
545,Primera Clase,69,7029.21,TRUE,0.28,1.97
546,Clase Business,69,5575.68,TRUE,0.5,1.23
547,Clase Economy,69,4106.88,TRUE,0.62,1.33
548,Clase Basica,69,5346.82,TRUE,0.83,1.37
549,Primera Clase,69,5527.75,FALSE,0.05,1.34
550,Clase Business,69,4162.46,FALSE,0.46,1.7
551,Clase Economy,69,2822.36,FALSE,0.23,1.48
552,Clase Basica,69,4722.34,FALSE,0.8,1.3
553,Primera Clase,70,1551.64,TRUE,0.21,1.78
554,Clase Business,70,4991.3,TRUE,0.99,1.23
555,Clase Economy,70,2498.43,TRUE,0.67,1.42
556,Clase Basica,70,6636.53,TRUE,0.36,1.31
557,Primera Clase,70,3650.92,FALSE,0.26,1.34
558,Clase Business,70,7177.4,FALSE,0.85,1.64
559,Clase Economy,70,5113.33,FALSE,0.44,1.19
560,Clase Basica,70,7382.99,FALSE,0.04,1.45
561,Primera Clase,71,6426.22,TRUE,0.09,1.27
562,Clase Business,71,6981.28,TRUE,0.9,1.39
563,Clase Economy,71,4784.54,TRUE,0.79,1.87
564,Clase Basica,71,3910.39,TRUE,0.2,1.13
565,Primera Clase,71,5097.1,FALSE,0.92,1.54
566,Clase Business,71,1298.78,FALSE,0.38,1.5
567,Clase Economy,71,1257.43,FALSE,0.42,2.0
568,Clase Basica,71,5812.46,FALSE,0.84,1.31
569,Primera Clase,72,7172.3,TRUE,0.46,1.0
570,Clase Business,72,2951.92,TRUE,0.46,1.49
571,Clase Economy,72,6645.26,TRUE,0.16,1.67
572,Clase Basica,72,4221.23,TRUE,0.83,1.99
573,Primera Clase,72,7171.51,FALSE,0.19,1.48
574,Clase Business,72,2006.29,FALSE,0.25,1.08
575,Clase Economy,72,7005.74,FALSE,0.07,1.64
576,Clase Basica,72,2652.42,FALSE,0.9,1.97
577,Primera Clase,73,2259.02,TRUE,0.55,1.59
578,Clase Business,73,1036.2,TRUE,0.74,1.38
579,Clase Economy,73,5757.26,TRUE,0.96,1.08
580,Clase Basica,73,5976.6,TRUE,0.54,1.45
581,Primera Clase,73,6308.27,FALSE,0.98,1.12
582,Clase Business,73,6614.84,FALSE,0.05,1.78
583,Clase Economy,73,5189.69,FALSE,0.95,1.78
584,Clase Basica,73,2568.4,FALSE,0.32,1.8
585,Primera Clase,74,1714.05,TRUE,0.55,1.1
586,Clase Business,74,5772.34,TRUE,0.09,1.43
587,Clase Economy,74,1214.34,TRUE,0.61,1.15
588,Clase Basica,74,3734.22,TRUE,0.98,1.46
589,Primera Clase,74,2747.3,FALSE,0.64,1.54
590,Clase Business,74,3409.11,FALSE,0.01,1.11
591,Clase Economy,74,1512.47,FALSE,0.99,1.57
592,Clase Basica,74,3870.52,FALSE,1.0,1.38
593,Primera Clase,75,1056.48,TRUE,0.26,1.64
594,Clase Business,75,6016.59,TRUE,0.59,1.09
595,Clase Economy,75,5824.94,TRUE,0.86,1.08
596,Clase Basica,75,2618.03,TRUE,0.74,1.11
597,Primera Clase,75,6487.86,FALSE,0.15,1.17
598,Clase Business,75,5518.33,FALSE,0.3,1.17
599,Clase Economy,75,4209.14,FALSE,0.25,1.43
600,Clase Basica,75,2873.87,FALSE,0.48,1.56
601,Primera Clase,76,7320.07,TRUE,0.21,1.17
602,Clase Business,76,1240.23,TRUE,0.06,1.19
603,Clase Economy,76,7150.83,TRUE,0.49,1.37
604,Clase Basica,76,7455.21,TRUE,0.17,1.62
605,Primera Clase,76,3252.0,FALSE,0.51,1.97
606,Clase Business,76,6335.27,FALSE,0.71,1.15
607,Clase Economy,76,4170.71,FALSE,0.11,1.69
608,Clase Basica,76,4429.04,FALSE,0.32,1.27
609,Primera Clase,77,7207.15,TRUE,0.73,1.2
610,Clase Business,77,3096.25,TRUE,0.71,1.44
611,Clase Economy,77,7348.82,TRUE,0.02,1.65
612,Clase Basica,77,4426.15,TRUE,0.16,1.75
613,Primera Clase,77,5696.19,FALSE,0.12,1.37
614,Clase Business,77,1213.05,FALSE,0.69,1.22
615,Clase Economy,77,2223.95,FALSE,0.76,1.78
616,Clase Basica,77,1215.75,FALSE,0.44,1.12
617,Primera Clase,78,4945.8,TRUE,0.88,1.9
618,Clase Business,78,1318.82,TRUE,0.65,1.88
619,Clase Economy,78,3896.75,TRUE,0.27,1.08
620,Clase Basica,78,1410.53,TRUE,0.18,1.25
621,Primera Clase,78,3788.25,FALSE,0.26,1.84
622,Clase Business,78,4433.55,FALSE,0.32,1.12
623,Clase Economy,78,4008.18,FALSE,0.28,1.69
624,Clase Basica,78,4814.91,FALSE,0.42,1.53
625,Primera Clase,79,6840.8,TRUE,0.04,1.13
626,Clase Business,79,7227.06,TRUE,0.41,1.07
627,Clase Economy,79,6815.63,TRUE,0.68,1.12
628,Clase Basica,79,3694.65,TRUE,0.52,1.31
629,Primera Clase,79,3677.54,FALSE,0.3,1.03
630,Clase Business,79,4854.31,FALSE,0.86,1.82
631,Clase Economy,79,4784.94,FALSE,0.97,1.53
632,Clase Basica,79,2932.64,FALSE,0.83,1.2
633,Primera Clase,80,2654.3,TRUE,0.41,1.45
634,Clase Business,80,6761.26,TRUE,0.84,1.02
635,Clase Economy,80,4667.78,TRUE,0.04,1.95
636,Clase Basica,80,4101.03,TRUE,0.23,1.48
637,Primera Clase,80,6520.94,FALSE,0.84,1.16
638,Clase Business,80,7032.89,FALSE,0.56,1.07
639,Clase Economy,80,5238.53,FALSE,0.62,1.2
640,Clase Basica,80,3011.92,FALSE,0.69,1.16
641,Primera Clase,81,7151.66,TRUE,0.09,1.46
642,Clase Business,81,3778.23,TRUE,0.14,1.24
643,Clase Economy,81,1566.8,TRUE,0.19,1.0
644,Clase Basica,81,1443.29,TRUE,0.95,1.93
645,Primera Clase,81,3942.67,FALSE,0.34,1.68
646,Clase Business,81,6406.2,FALSE,0.7,1.62
647,Clase Economy,81,5875.18,FALSE,0.66,1.04
648,Clase Basica,81,3407.26,FALSE,0.2,1.02
649,Primera Clase,82,5414.58,TRUE,0.92,1.22
650,Clase Business,82,1313.62,TRUE,0.49,1.23
651,Clase Economy,82,3591.49,TRUE,0.82,1.1
652,Clase Basica,82,4912.03,TRUE,0.12,1.72
653,Primera Clase,82,3603.97,FALSE,0.22,1.91
654,Clase Business,82,1256.31,FALSE,0.08,1.68
655,Clase Economy,82,5351.75,FALSE,0.01,1.32
656,Clase Basica,82,5820.89,FALSE,0.47,1.92
657,Primera Clase,83,5160.04,TRUE,0.21,1.18
658,Clase Business,83,3478.21,TRUE,0.73,1.09
659,Clase Economy,83,7145.65,TRUE,0.66,1.45
660,Clase Basica,83,3238.02,TRUE,0.66,1.6
661,Primera Clase,83,4828.65,FALSE,0.29,1.77
662,Clase Business,83,7325.58,FALSE,0.67,1.62
663,Clase Economy,83,3200.62,FALSE,0.8,1.23
664,Clase Basica,83,5815.18,FALSE,0.75,1.41
665,Primera Clase,84,3101.0,TRUE,0.56,1.16
666,Clase Business,84,2071.79,TRUE,0.02,1.95
667,Clase Economy,84,2772.47,TRUE,0.94,1.97
668,Clase Basica,84,4948.2,TRUE,0.34,1.11
669,Primera Clase,84,7228.82,FALSE,0.23,1.27
670,Clase Business,84,6667.58,FALSE,0.98,1.02
671,Clase Economy,84,4116.26,FALSE,0.57,1.63
672,Clase Basica,84,4040.06,FALSE,0.81,1.36
673,Primera Clase,85,3063.99,TRUE,0.37,1.85
674,Clase Business,85,4743.72,TRUE,0.6,1.54
675,Clase Economy,85,4260.28,TRUE,0.92,1.61
676,Clase Basica,85,3510.38,TRUE,0.22,1.4
677,Primera Clase,85,3031.7,FALSE,1.0,1.07
678,Clase Business,85,4814.63,FALSE,0.31,1.33
679,Clase Economy,85,5396.24,FALSE,0.29,1.09
680,Clase Basica,85,1978.0,FALSE,0.07,1.26
681,Primera Clase,86,2803.28,TRUE,0.28,1.26
682,Clase Business,86,3727.31,TRUE,0.27,1.97
683,Clase Economy,86,3227.11,TRUE,0.83,1.45
684,Clase Basica,86,5459.61,TRUE,0.19,1.75
685,Primera Clase,86,1604.33,FALSE,0.49,1.9
686,Clase Business,86,4323.58,FALSE,0.24,1.96
687,Clase Economy,86,4505.31,FALSE,0.76,1.32
688,Clase Basica,86,7015.57,FALSE,0.66,1.31
689,Primera Clase,87,4414.63,TRUE,0.12,1.94
690,Clase Business,87,1967.38,TRUE,0.68,1.86
691,Clase Economy,87,2779.85,TRUE,0.45,1.39
692,Clase Basica,87,4532.35,TRUE,0.98,1.98
693,Primera Clase,87,2676.68,FALSE,0.54,1.83
694,Clase Business,87,5073.67,FALSE,0.3,1.7
695,Clase Economy,87,4247.51,FALSE,0.29,1.97
696,Clase Basica,87,1934.67,FALSE,0.38,1.09
697,Primera Clase,88,2973.67,TRUE,0.67,1.36
698,Clase Business,88,3131.38,TRUE,0.71,1.92
699,Clase Economy,88,1414.71,TRUE,0.08,1.58
700,Clase Basica,88,7405.91,TRUE,0.23,1.8
701,Primera Clase,88,1570.04,FALSE,0.22,1.47
702,Clase Business,88,6246.74,FALSE,0.5,1.34
703,Clase Economy,88,3832.21,FALSE,0.73,1.4
704,Clase Basica,88,7342.86,FALSE,0.05,1.82
705,Primera Clase,89,1783.1,TRUE,0.83,1.35
706,Clase Business,89,3335.1,TRUE,0.22,1.94
707,Clase Economy,89,3916.26,TRUE,0.31,1.74
708,Clase Basica,89,3836.53,TRUE,0.16,1.94
709,Primera Clase,89,5673.6,FALSE,0.23,1.12
710,Clase Business,89,1912.84,FALSE,0.83,1.23
711,Clase Economy,89,6804.82,FALSE,0.45,1.49
712,Clase Basica,89,5089.12,FALSE,0.08,1.43
713,Primera Clase,90,1232.25,TRUE,0.67,1.81
714,Clase Business,90,4472.33,TRUE,0.25,1.1
715,Clase Economy,90,4137.54,TRUE,0.02,1.16
716,Clase Basica,90,6137.95,TRUE,0.3,1.46
717,Primera Clase,90,5039.51,FALSE,0.96,1.71
718,Clase Business,90,1378.78,FALSE,0.15,1.92
719,Clase Economy,90,3409.74,FALSE,0.7,1.26
720,Clase Basica,90,5859.87,FALSE,0.69,1.94
721,Primera Clase,91,2289.61,TRUE,0.91,1.15
722,Clase Business,91,6704.36,TRUE,0.24,1.57
723,Clase Economy,91,6823.51,TRUE,0.55,1.03
724,Clase Basica,91,5651.3,TRUE,0.41,1.29
725,Primera Clase,91,5814.72,FALSE,0.76,1.7
726,Clase Business,91,3791.59,FALSE,0.25,1.27
727,Clase Economy,91,4408.86,FALSE,0.57,1.37
728,Clase Basica,91,2031.99,FALSE,0.9,1.59
729,Primera Clase,92,4016.83,TRUE,0.48,1.15
730,Clase Business,92,2320.9,TRUE,0.2,1.04
731,Clase Economy,92,6973.21,TRUE,0.59,1.7
732,Clase Basica,92,3849.31,TRUE,0.78,1.03
733,Primera Clase,92,2401.99,FALSE,0.76,1.32
734,Clase Business,92,4253.73,FALSE,0.0,1.85
735,Clase Economy,92,5733.75,FALSE,0.07,1.53
736,Clase Basica,92,2850.87,FALSE,0.23,1.76
737,Primera Clase,93,2090.07,TRUE,0.53,1.07
738,Clase Business,93,6284.47,TRUE,0.02,1.23
739,Clase Economy,93,6360.79,TRUE,0.25,1.09
740,Clase Basica,93,2664.48,TRUE,0.67,1.36
741,Primera Clase,93,2909.9,FALSE,0.2,1.38
742,Clase Business,93,7473.34,FALSE,0.3,1.83
743,Clase Economy,93,6708.39,FALSE,0.08,1.39
744,Clase Basica,93,6468.0,FALSE,0.49,1.48
745,Primera Clase,94,7280.83,TRUE,0.47,1.33
746,Clase Business,94,7372.88,TRUE,0.36,1.9
747,Clase Economy,94,3780.26,TRUE,0.13,1.24
748,Clase Basica,94,4339.58,TRUE,0.77,1.95
749,Primera Clase,94,6440.02,FALSE,0.78,1.64
750,Clase Business,94,5369.04,FALSE,0.66,1.77
751,Clase Economy,94,2149.74,FALSE,0.13,1.94
752,Clase Basica,94,6762.08,FALSE,0.98,1.23
753,Primera Clase,95,6278.4,TRUE,0.03,1.82
754,Clase Business,95,2127.48,TRUE,0.37,1.16
755,Clase Economy,95,2605.57,TRUE,0.96,1.08
756,Clase Basica,95,4151.52,TRUE,0.94,1.57
757,Primera Clase,95,5245.98,FALSE,0.82,1.16
758,Clase Business,95,3576.73,FALSE,0.2,1.36
759,Clase Economy,95,6359.51,FALSE,0.3,1.02
760,Clase Basica,95,6028.75,FALSE,0.76,1.29
761,Primera Clase,96,5766.65,TRUE,0.05,1.91
762,Clase Business,96,5977.16,TRUE,0.81,1.69
763,Clase Economy,96,4813.53,TRUE,0.85,1.62
764,Clase Basica,96,2123.42,TRUE,0.88,1.11
765,Primera Clase,96,5039.51,FALSE,0.81,1.78
766,Clase Business,96,7088.65,FALSE,0.24,1.58
767,Clase Economy,96,1322.3,FALSE,0.63,1.9
768,Clase Basica,96,4334.89,FALSE,0.3,1.78
769,Primera Clase,97,1297.91,TRUE,0.21,1.57
770,Clase Business,97,2635.6,TRUE,0.84,1.86
771,Clase Economy,97,6967.31,TRUE,0.81,1.47
772,Clase Basica,97,1425.35,TRUE,0.04,1.44
773,Primera Clase,97,6349.58,FALSE,0.53,1.58
774,Clase Business,97,2438.31,FALSE,0.54,1.6
775,Clase Economy,97,5095.02,FALSE,0.4,1.08
776,Clase Basica,97,6206.47,FALSE,0.24,1.31
777,Primera Clase,98,7231.44,TRUE,0.25,1.48
778,Clase Business,98,4444.88,TRUE,0.88,1.83
779,Clase Economy,98,7069.44,TRUE,0.76,1.89
780,Clase Basica,98,1151.71,TRUE,0.78,1.49
781,Primera Clase,98,7337.55,FALSE,0.51,1.52
782,Clase Business,98,4514.89,FALSE,0.05,1.81
783,Clase Economy,98,5228.78,FALSE,0.95,1.1
784,Clase Basica,98,4409.9,FALSE,0.66,1.27
785,Primera Clase,99,4731.07,TRUE,0.38,1.6
786,Clase Business,99,6941.41,TRUE,0.36,1.36
787,Clase Economy,99,4958.59,TRUE,0.29,1.77
788,Clase Basica,99,6394.19,TRUE,0.96,1.78
789,Primera Clase,99,5920.22,FALSE,0.09,1.52
790,Clase Business,99,1773.4,FALSE,0.43,1.39
791,Clase Economy,99,4914.37,FALSE,0.83,1.25
792,Clase Basica,99,3966.8,FALSE,0.84,1.46
793,Primera Clase,100,5357.69,TRUE,0.62,1.45
794,Clase Business,100,2329.71,TRUE,0.62,1.23
795,Clase Economy,100,2056.72,TRUE,0.25,1.23
796,Clase Basica,100,5349.3,TRUE,0.73,1.02
797,Primera Clase,100,7195.46,FALSE,0.47,1.41
798,Clase Business,100,5655.91,FALSE,0.96,1.48
799,Clase Economy,100,4459.3,FALSE,0.39,1.84
800,Clase Basica,100,2983.46,FALSE,0.33,1.36
801,Primera Clase,101,5895.86,TRUE,0.24,1.56
802,Clase Business,101,3022.7,TRUE,0.9,1.2
803,Clase Economy,101,1078.78,TRUE,0.82,1.04
804,Clase Basica,101,1418.53,TRUE,0.68,1.25
805,Primera Clase,101,6295.65,FALSE,0.88,1.21
806,Clase Business,101,2539.46,FALSE,0.54,1.4
807,Clase Economy,101,5003.44,FALSE,0.03,1.67
808,Clase Basica,101,1124.51,FALSE,0.91,1.2
809,Primera Clase,102,5385.73,TRUE,0.71,1.38
810,Clase Business,102,7488.01,TRUE,0.86,1.34
811,Clase Economy,102,5762.27,TRUE,0.9,1.27
812,Clase Basica,102,3879.79,TRUE,0.01,1.34
813,Primera Clase,102,1699.08,FALSE,0.64,1.56
814,Clase Business,102,6857.39,FALSE,0.35,1.04
815,Clase Economy,102,7425.16,FALSE,0.72,1.72
816,Clase Basica,102,3503.47,FALSE,0.33,1.32
817,Primera Clase,103,7415.55,TRUE,0.18,1.96
818,Clase Business,103,6804.02,TRUE,0.37,1.03
819,Clase Economy,103,2586.87,TRUE,0.91,1.15
820,Clase Basica,103,2070.9,TRUE,0.07,1.44
821,Primera Clase,103,6931.49,FALSE,0.55,1.08
822,Clase Business,103,5806.23,FALSE,0.57,1.16
823,Clase Economy,103,3841.31,FALSE,0.37,1.13
824,Clase Basica,103,4755.38,FALSE,0.8,1.19
825,Primera Clase,104,3868.86,TRUE,0.3,1.07
826,Clase Business,104,3844.54,TRUE,0.52,1.08
827,Clase Economy,104,1963.71,TRUE,0.8,1.9
828,Clase Basica,104,1981.49,TRUE,0.41,2.0
829,Primera Clase,104,4004.31,FALSE,0.38,1.82
830,Clase Business,104,6527.06,FALSE,0.92,1.22
831,Clase Economy,104,6410.07,FALSE,0.56,1.22
832,Clase Basica,104,5799.09,FALSE,0.94,1.02
833,Primera Clase,105,6165.75,TRUE,0.01,1.15
834,Clase Business,105,5175.27,TRUE,0.58,1.07
835,Clase Economy,105,3831.24,TRUE,0.8,1.13
836,Clase Basica,105,5843.88,TRUE,0.14,1.67
837,Primera Clase,105,5682.56,FALSE,0.2,1.88
838,Clase Business,105,3104.44,FALSE,0.62,1.14
839,Clase Economy,105,1361.29,FALSE,0.51,1.88
840,Clase Basica,105,1510.67,FALSE,0.24,1.91
841,Primera Clase,106,3570.21,TRUE,0.9,1.72
842,Clase Business,106,2425.32,TRUE,0.08,1.0
843,Clase Economy,106,6409.1,TRUE,0.14,1.02
844,Clase Basica,106,6896.78,TRUE,0.47,1.61
845,Primera Clase,106,2654.48,FALSE,0.17,1.51
846,Clase Business,106,1569.69,FALSE,0.34,1.94
847,Clase Economy,106,5734.64,FALSE,0.05,1.72
848,Clase Basica,106,2976.89,FALSE,0.83,1.23
849,Primera Clase,107,7084.51,TRUE,0.21,1.43
850,Clase Business,107,1126.88,TRUE,0.51,1.34
851,Clase Economy,107,1526.08,TRUE,0.25,1.95
852,Clase Basica,107,4442.6,TRUE,0.33,1.53
853,Primera Clase,107,4358.18,FALSE,0.4,1.4
854,Clase Business,107,2202.17,FALSE,0.09,1.84
855,Clase Economy,107,6207.88,FALSE,0.89,1.38
856,Clase Basica,107,3815.38,FALSE,0.06,1.07
857,Primera Clase,108,4861.67,TRUE,0.86,1.11
858,Clase Business,108,5420.67,TRUE,0.7,1.9
859,Clase Economy,108,6792.28,TRUE,0.26,1.54
860,Clase Basica,108,5983.21,TRUE,0.2,1.52
861,Primera Clase,108,3118.09,FALSE,0.63,2.0
862,Clase Business,108,2233.41,FALSE,0.48,1.41
863,Clase Economy,108,3934.95,FALSE,0.88,1.74
864,Clase Basica,108,1974.8,FALSE,0.22,1.59
865,Primera Clase,109,3626.71,TRUE,0.58,1.36
866,Clase Business,109,4036.98,TRUE,0.81,1.6
867,Clase Economy,109,4698.93,TRUE,0.22,1.32
868,Clase Basica,109,6141.88,TRUE,0.59,1.11
869,Primera Clase,109,2004.86,FALSE,0.11,1.56
870,Clase Business,109,3678.1,FALSE,0.19,1.25
871,Clase Economy,109,6744.91,FALSE,0.73,1.18
872,Clase Basica,109,1945.74,FALSE,0.75,1.84
873,Primera Clase,110,5104.23,TRUE,0.69,1.63
874,Clase Business,110,3341.97,TRUE,0.16,1.82
875,Clase Economy,110,7472.25,TRUE,0.25,1.73
876,Clase Basica,110,5193.13,TRUE,0.51,1.98
877,Primera Clase,110,1207.16,FALSE,0.89,1.48
878,Clase Business,110,6065.89,FALSE,0.47,1.12
879,Clase Economy,110,2129.83,FALSE,0.25,1.17
880,Clase Basica,110,7303.32,FALSE,0.87,1.06
881,Primera Clase,111,3713.47,TRUE,0.51,1.84
882,Clase Business,111,5831.65,TRUE,0.83,1.72
883,Clase Economy,111,6627.25,TRUE,0.69,1.62
884,Clase Basica,111,2036.43,TRUE,0.81,1.55
885,Primera Clase,111,2258.86,FALSE,0.26,1.59
886,Clase Business,111,4344.54,FALSE,0.36,1.13
887,Clase Economy,111,3732.48,FALSE,0.38,1.7
888,Clase Basica,111,1801.13,FALSE,0.04,1.41
889,Primera Clase,112,3175.3,TRUE,0.02,1.86
890,Clase Business,112,5586.65,TRUE,0.78,1.59
891,Clase Economy,112,1493.01,TRUE,0.14,1.59
892,Clase Basica,112,2138.36,TRUE,0.27,1.69
893,Primera Clase,112,2080.09,FALSE,0.65,1.92
894,Clase Business,112,6215.7,FALSE,0.3,1.42
895,Clase Economy,112,2164.19,FALSE,0.42,1.79
896,Clase Basica,112,5667.9,FALSE,0.86,1.64
897,Primera Clase,113,4510.0,TRUE,0.73,1.74
898,Clase Business,113,4226.59,TRUE,0.15,1.95
899,Clase Economy,113,4405.92,TRUE,0.08,1.46
900,Clase Basica,113,5476.58,TRUE,0.99,1.15
901,Primera Clase,113,6621.3,FALSE,0.59,1.5
902,Clase Business,113,6203.93,FALSE,0.17,1.39
903,Clase Economy,113,1849.77,FALSE,0.38,1.27
904,Clase Basica,113,6250.28,FALSE,0.46,1.1
905,Primera Clase,114,5621.1,TRUE,0.91,1.25
906,Clase Business,114,6376.15,TRUE,0.68,1.6
907,Clase Economy,114,1635.61,TRUE,0.62,1.47
908,Clase Basica,114,3417.52,TRUE,0.41,1.1
909,Primera Clase,114,6230.22,FALSE,0.89,1.53
910,Clase Business,114,5865.77,FALSE,0.94,1.91
911,Clase Economy,114,4317.75,FALSE,0.48,1.85
912,Clase Basica,114,7307.39,FALSE,0.37,1.4
913,Primera Clase,115,6681.12,TRUE,0.53,1.98
914,Clase Business,115,2350.27,TRUE,0.95,1.71
915,Clase Economy,115,4044.22,TRUE,0.05,1.31
916,Clase Basica,115,5639.71,TRUE,0.71,1.47
917,Primera Clase,115,1026.27,FALSE,0.41,1.13
918,Clase Business,115,3232.85,FALSE,0.51,1.86
919,Clase Economy,115,6522.07,FALSE,0.5,1.51
920,Clase Basica,115,1047.12,FALSE,0.77,1.82
921,Primera Clase,116,2977.06,TRUE,0.99,1.7
922,Clase Business,116,5138.23,TRUE,0.11,1.1
923,Clase Economy,116,4852.12,TRUE,0.65,1.05
924,Clase Basica,116,4122.01,TRUE,0.25,1.53
925,Primera Clase,116,5214.35,FALSE,0.32,1.12
926,Clase Business,116,6123.46,FALSE,0.22,1.92
927,Clase Economy,116,2048.2,FALSE,0.5,1.69
928,Clase Basica,116,1522.41,FALSE,0.58,1.86
929,Primera Clase,117,4205.01,TRUE,0.44,1.63
930,Clase Business,117,4380.25,TRUE,0.27,1.64
931,Clase Economy,117,4510.14,TRUE,0.7,1.03
932,Clase Basica,117,4195.47,TRUE,0.73,1.8
933,Primera Clase,117,4074.71,FALSE,0.72,1.65
934,Clase Business,117,7175.79,FALSE,0.47,1.64
935,Clase Economy,117,4302.02,FALSE,0.69,1.47
936,Clase Basica,117,6716.67,FALSE,0.49,1.4
937,Primera Clase,118,4842.94,TRUE,0.53,1.68
938,Clase Business,118,6718.48,TRUE,0.4,1.99
939,Clase Economy,118,4461.39,TRUE,0.5,1.48
940,Clase Basica,118,5106.72,TRUE,0.02,1.59
941,Primera Clase,118,5962.72,FALSE,0.04,1.51
942,Clase Business,118,6198.34,FALSE,0.71,1.42
943,Clase Economy,118,4519.21,FALSE,0.79,1.09
944,Clase Basica,118,4833.91,FALSE,0.01,1.69
945,Primera Clase,119,1653.25,TRUE,0.44,1.13
946,Clase Business,119,2235.53,TRUE,0.41,1.15
947,Clase Economy,119,2890.45,TRUE,0.48,1.85
948,Clase Basica,119,2098.92,TRUE,0.88,1.0
949,Primera Clase,119,3477.73,FALSE,0.85,1.16
950,Clase Business,119,6387.78,FALSE,0.01,1.88
951,Clase Economy,119,6775.95,FALSE,0.4,1.04
952,Clase Basica,119,4323.38,FALSE,0.62,1.51
953,Primera Clase,120,3913.41,TRUE,0.28,1.83
954,Clase Business,120,6033.52,TRUE,0.7,1.36
955,Clase Economy,120,3141.85,TRUE,0.18,1.96
956,Clase Basica,120,1022.46,TRUE,0.6,1.15
957,Primera Clase,120,4725.56,FALSE,0.8,1.64
958,Clase Business,120,2625.2,FALSE,0.74,1.43
959,Clase Economy,120,4319.47,FALSE,0.53,1.07
960,Clase Basica,120,3840.72,FALSE,0.75,1.27
